<?xml version="1.0" encoding="UTF-8"?>
<!DOCTYPE log4j:configuration SYSTEM "log4j.dtd">
<log4j:configuration xmlns:log4j="http://jakarta.apache.org/log4j/">
    <appender name="console" class="org.apache.log4j.ConsoleAppender">
        <layout class="org.apache.log4j.EnhancedPatternLayout">
            <param name="ConversionPattern" value="%d{ISO8601} [%15.15t] %-5p %-25.25c{1.} %m%n%throwable{5}"/>
        </layout>
    </appender>
    <logger name="org.apache.catalina.access">
        <level value="WARN"/>
    </logger>
    <logger name="org.apache.commons.httpclient">
        <level value="WARN"/>
    </logger>
    <logger name="org.dcm4che3.net">
        <level value="WARN"/>
    </logger>
    <logger name="org.weasis">
        <level value="INFO"/>
    </logger>
    <root>
        <level value="INFO"/>
        <appender-ref ref="console"/>
    </root>
</log4j:configuration>